-- phpMyAdmin SQL Dump
-- version 4.5.1
-- http://www.phpmyadmin.net
--
-- Host: 127.0.0.1
-- Generation Time: Apr 21, 2017 at 06:48 PM
-- Server version: 10.1.16-MariaDB
-- PHP Version: 5.6.24

SET SQL_MODE = "NO_AUTO_VALUE_ON_ZERO";
SET time_zone = "+00:00";


/*!40101 SET @OLD_CHARACTER_SET_CLIENT=@@CHARACTER_SET_CLIENT */;
/*!40101 SET @OLD_CHARACTER_SET_RESULTS=@@CHARACTER_SET_RESULTS */;
/*!40101 SET @OLD_COLLATION_CONNECTION=@@COLLATION_CONNECTION */;
/*!40101 SET NAMES utf8mb4 */;

--
-- Database: `video`
--

-- --------------------------------------------------------

--
-- Table structure for table `background`
--

CREATE TABLE `background` (
  `bg_id` int(6) NOT NULL,
  `bg_color` varchar(7) DEFAULT NULL,
  `template_id` int(11) NOT NULL
) ENGINE=InnoDB DEFAULT CHARSET=latin1;

--
-- Dumping data for table `background`
--

INSERT INTO `background` (`bg_id`, `bg_color`, `template_id`) VALUES
(1, '#000000', 1),
(2, '#000000', 2),
(3, '#000000', 3),
(4, '#000000', 4),
(5, '#000000', 5),
(6, '#FFFFFF', 6),
(7, '#000000', 7),
(8, '#000000', 8),
(9, '#000000', 9);

-- --------------------------------------------------------

--
-- Table structure for table `devices`
--

CREATE TABLE `devices` (
  `id` int(6) NOT NULL,
  `ip_address` varchar(60) DEFAULT NULL,
  `ip_name` varchar(200) DEFAULT NULL,
  `date_added` datetime DEFAULT NULL,
  `last_updated` datetime DEFAULT NULL
) ENGINE=InnoDB DEFAULT CHARSET=latin1;

--
-- Dumping data for table `devices`
--

INSERT INTO `devices` (`id`, `ip_address`, `ip_name`, `date_added`, `last_updated`) VALUES
(19, '$2y$10$xxHJQ6ggAsxiOjnlIPWi8.s9kX30mH4q/iXdvDgCDCD0XnjdAfpZm', 'IBC-AteCressa', '2016-12-27 11:46:58', NULL);

-- --------------------------------------------------------

--
-- Table structure for table `emergency`
--

CREATE TABLE `emergency` (
  `id` int(6) NOT NULL,
  `title` varchar(200) DEFAULT NULL,
  `title_color` varchar(7) DEFAULT NULL,
  `message` blob,
  `duration` varchar(10) DEFAULT NULL,
  `status` int(1) DEFAULT NULL,
  `image` blob
) ENGINE=InnoDB DEFAULT CHARSET=latin1;

--
-- Dumping data for table `emergency`
--

INSERT INTO `emergency` (`id`, `title`, `title_color`, `message`, `duration`, `status`, `image`) VALUES
(1, 'Attention!', '#F44336', 0x546f20616c6c206f75722076616c7565642076697369746f727320706c656173652070726f6365656420746f206f70656e2067726f756e647320746f207769746e657373207468652073706563746163756c61722066697265776f726b7320646973706c61792e205468652073686f772077696c6c20737461727420696e203130206d696e757465732e, '10000', 0, 0x70686f746f2e6a7067);

-- --------------------------------------------------------

--
-- Table structure for table `login`
--

CREATE TABLE `login` (
  `id` int(11) NOT NULL,
  `username` varchar(30) NOT NULL,
  `password` varchar(100) NOT NULL,
  `name` varchar(30) NOT NULL,
  `date_add` datetime DEFAULT NULL,
  `role` varchar(200) DEFAULT NULL
) ENGINE=InnoDB DEFAULT CHARSET=latin1;

--
-- Dumping data for table `login`
--

INSERT INTO `login` (`id`, `username`, `password`, `name`, `date_add`, `role`) VALUES
(11, 'ibcphil', '$2y$10$3qQM9A8EwRfJbH4bna.y6u.xEntGElZpYjTYTEC.thrtlBIMM6E96', 'ibc', NULL, 'IBC'),
(12, 'Darren02', '$2y$10$nKCGlt1gehkdH3H4arTjBOJkpBcC3LXcHrahrwuPCw1qWcYj7CwkC', 'Tata', '2016-12-24 11:40:48', 'SUPERADMIN'),
(13, 'Cressa123', '$2y$10$/YmBfGDrUuQcC7na.ohJROcaMB.TEO4px6D1FmAeH04QApRjLpK9i', 'Cressa Tupaz', '2016-12-24 11:41:59', 'ADMIN');

-- --------------------------------------------------------

--
-- Table structure for table `logs`
--

CREATE TABLE `logs` (
  `id` int(15) NOT NULL,
  `date_time` datetime DEFAULT NULL,
  `user_name` varchar(200) DEFAULT NULL,
  `action` varchar(200) DEFAULT NULL,
  `section` varchar(200) DEFAULT NULL,
  `old_value` blob,
  `new_value` blob,
  `type` varchar(200) DEFAULT NULL,
  `template_id` int(1) DEFAULT NULL
) ENGINE=InnoDB DEFAULT CHARSET=latin1;

--
-- Dumping data for table `logs`
--

INSERT INTO `logs` (`id`, `date_time`, `user_name`, `action`, `section`, `old_value`, `new_value`, `type`, `template_id`) VALUES
(1, '2016-12-27 10:47:56', 'Cressa Tupaz', 'UPDATE', 'scroller', 0x54532031393839204e4f572053484f57494e47, 0x4c6f72656d20697073756d20646f6c6f722073697420616d65742c20636f6e73656374657475722061646970697363696e6720656c69742c2073656420646f20656975736d6f642074656d706f7220696e6369646964756e74207574206c61626f726520657420646f6c6f7265206d61676e6120616c697175612e20557420656e696d206164206d696e696d2076656e69616d2c2071756973206e6f737472756420657865726369746174696f6e20756c6c616d636f206c61626f726973206e69736920757420616c697175697020657820656120636f6d6d6f646f20636f6e7365717561742e2044756973206175746520697275726520646f6c6f7220696e20726570726568656e646572697420696e20766f6c7570746174652076656c697420657373652063696c6c756d20646f6c6f726520657520667567696174206e756c6c612070617269617475722e204578636570746575722073696e74206f6363616563617420637570696461746174206e6f6e2070726f6964656e742c2073756e7420696e2063756c706120717569206f666669636961206465736572756e74206d6f6c6c697420616e696d20696420657374206c61626f72756d2e, 'TEXT', 1),
(2, '2016-12-27 10:51:03', 'Cressa Tupaz', 'INSERT', 'second-bot', NULL, 0x72776d312e6a7067, 'IMAGE', 1),
(3, '2016-12-27 10:51:03', 'Cressa Tupaz', 'INSERT', 'second-bot', NULL, 0x72776d322e6a7067, 'IMAGE', 1),
(4, '2016-12-27 10:51:03', 'Cressa Tupaz', 'INSERT', 'second-bot', NULL, 0x72776d332e6a7067, 'IMAGE', 1),
(5, '2016-12-27 10:51:03', 'Cressa Tupaz', 'INSERT', 'second-bot', NULL, 0x72776d342e6a7067, 'IMAGE', 1),
(6, '2016-12-27 10:51:04', 'Cressa Tupaz', 'INSERT', 'second-bot', NULL, 0x72776d352e6a7067, 'IMAGE', 1),
(7, '2016-12-27 10:51:04', 'Cressa Tupaz', 'INSERT', 'second-bot', NULL, 0x72776d362e6a7067, 'IMAGE', 1),
(8, '2016-12-27 10:51:04', 'Cressa Tupaz', 'INSERT', 'second-bot', NULL, 0x72776d372e6a7067, 'IMAGE', 1),
(9, '2016-12-27 10:51:04', 'Cressa Tupaz', 'INSERT', 'second-bot', NULL, 0x72776d382e6a7067, 'IMAGE', 1),
(10, '2016-12-27 10:51:04', 'Cressa Tupaz', 'INSERT', 'second-bot', NULL, 0x72776d392e6a7067, 'IMAGE', 1),
(11, '2016-12-27 10:51:05', 'Cressa Tupaz', 'INSERT', 'second-bot', NULL, 0x72776d31302e6a7067, 'IMAGE', 1),
(12, '2016-12-27 10:51:05', 'Cressa Tupaz', 'INSERT', 'second-bot', NULL, 0x72776d31312e4a5047, 'IMAGE', 1),
(13, '2016-12-27 10:51:05', 'Cressa Tupaz', 'INSERT', 'second-bot', NULL, 0x72776d31322e6a7067, 'IMAGE', 1),
(14, '2016-12-27 10:51:05', 'Cressa Tupaz', 'INSERT', 'second-bot', NULL, 0x72776d31332e6a7067, 'IMAGE', 1),
(15, '2016-12-27 10:51:05', 'Cressa Tupaz', 'INSERT', 'second-bot', NULL, 0x72776d31342e6a7067, 'IMAGE', 1),
(16, '2016-12-27 10:51:42', 'Cressa Tupaz', 'UPDATE', 'background', 0x23303039363838, 0x23303030303030, 'COLOR', 1),
(17, '2016-12-27 10:52:03', 'Cressa Tupaz', 'UPDATE', 'background', 0x23303030303030, 0x23303030303030, 'COLOR', 1),
(18, '2016-12-27 10:53:25', 'Cressa Tupaz', 'INSERT', 'main-slide', NULL, 0x72776d62616e6e6572322e6a7067, 'IMAGE', 3),
(19, '2016-12-27 10:53:25', 'Cressa Tupaz', 'INSERT', 'main-slide', NULL, 0x72776d62616e6e6572332e6a7067, 'IMAGE', 3),
(20, '2016-12-27 10:53:25', 'Cressa Tupaz', 'INSERT', 'main-slide', NULL, 0x72776d62616e6e6572342e6a7067, 'IMAGE', 3),
(21, '2016-12-27 10:53:25', 'Cressa Tupaz', 'INSERT', 'main-slide', NULL, 0x72776d62616e6e6572352e6a7067, 'IMAGE', 3),
(22, '2016-12-27 10:53:39', 'Cressa Tupaz', 'INSERT', 'header-left', NULL, 0x5265736f7274732d576f726c642d4d616e696c612d4c6f676f312d31303234783231362e6a7067, 'IMAGE', 3),
(23, '2016-12-27 10:54:32', 'Cressa Tupaz', 'INSERT', 'second-left', NULL, 0x5265736f7274732d576f726c642d4d616e696c612d2d2d2d4e6f7468696e672d436f6d70617265732d54562d41642e6d7034, 'VIDEO', 3),
(24, '2016-12-27 10:54:48', 'Cressa Tupaz', 'UPDATE', 'background', 0x23463434333336, 0x23464646464646, 'COLOR', 3),
(25, '2016-12-27 10:56:18', 'Cressa Tupaz', 'UPDATE', 'scroller', 0x73616d706c6520746578742073616d706c652074657874, 0x4c6f72656d20697073756d20646f6c6f722073697420616d65742c20636f6e73656374657475722061646970697363696e6720656c69742c2073656420646f20656975736d6f642074656d706f7220696e6369646964756e74207574206c61626f726520657420646f6c6f7265206d61676e6120616c697175612e20557420656e696d206164206d696e696d2076656e69616d2c2071756973206e6f737472756420657865726369746174696f6e20756c6c616d636f206c61626f726973206e69736920757420616c697175697020657820656120636f6d6d6f646f20636f6e7365717561742e2044756973206175746520697275726520646f6c6f7220696e20726570726568656e646572697420696e20766f6c7570746174652076656c697420657373652063696c6c756d20646f6c6f726520657520667567696174206e756c6c612070617269617475722e204578636570746575722073696e74206f6363616563617420637570696461746174206e6f6e2070726f6964656e742c2073756e7420696e2063756c706120717569206f666669636961206465736572756e74206d6f6c6c697420616e696d20696420657374206c61626f72756d2e, 'TEXT', 3),
(26, '2016-12-27 10:56:18', 'Cressa Tupaz', 'UPDATE', 'scroller', 0x23394539453945, 0x23463434333336, 'FONT COLOR', 3),
(27, '2016-12-27 10:56:18', 'Cressa Tupaz', 'UPDATE', 'scroller', 0x3130, 0x3135, 'SPEED', 3),
(28, '2016-12-27 10:57:39', 'Cressa Tupaz', 'INSERT', 'second-right', NULL, 0x73757065725f66696e616c5f6962632e6d7034, 'VIDEO', 3),
(29, '2016-12-27 10:57:39', 'Cressa Tupaz', 'UPDATE', 'second-right', 0x302e36, 0x30, 'VOLUME', 3),
(30, '2016-12-27 10:57:46', 'Cressa Tupaz', 'UPDATE', 'second-left', 0x302e38, 0x30, 'VOLUME', 3),
(31, '2016-12-27 10:59:32', 'Cressa Tupaz', 'UPDATE', 'background', 0x23464646464646, 0x23303030303030, 'COLOR', 3),
(32, '2016-12-27 11:00:42', 'Cressa Tupaz', 'UPDATE', 'header-left', 0x5265736f7274732d576f726c642d4d616e696c612d4c6f676f312d31303234783231362e6a7067, 0x72776d2d6c6f676f2d626c61636b2d62672e706e67, 'IMAGE', 3),
(34, '2016-12-27 11:05:41', 'Cressa Tupaz', 'INSERT', 'header-left', NULL, 0x72776d2d6c6f676f2d626c61636b2d62672d6e65772e706e67, 'IMAGE', 3),
(35, '2016-12-27 11:07:15', 'Cressa Tupaz', 'UPDATE', 'scroller', 0x23464646464646, 0x23463434333336, 'FONT COLOR', 1),
(36, '2016-12-27 11:07:15', 'Cressa Tupaz', 'UPDATE', 'scroller', 0x3730, 0x3530, 'FONT TYPE', 1),
(37, '2016-12-27 11:07:32', 'Cressa Tupaz', 'INSERT', 'header-left', NULL, 0x72776d2d6c6f676f2d626c61636b2d62672d6e65772e706e67, 'IMAGE', 1),
(38, '2016-12-27 11:08:17', 'Cressa Tupaz', 'INSERT', 'main-ad', NULL, 0x5265736f7274732d576f726c642d4d616e696c612d2d2d2d4e6f7468696e672d436f6d70617265732d54562d41642e6d7034, 'VIDEO', 1),
(39, '2016-12-27 11:08:17', 'Cressa Tupaz', 'UPDATE', 'main-ad', 0x312e30, 0x30, 'VOLUME', 1),
(40, '2016-12-27 11:09:00', 'Cressa Tupaz', 'INSERT', 'second-top', NULL, 0x436172612d44656c6576696e676e652d666f722d50656e73686f7070652d557262616e2d526562656c732e6d7034, 'VIDEO', 1),
(41, '2016-12-27 11:20:58', 'Cressa Tupaz', 'INSERT', 'header-left', NULL, 0x72776d2d6c6f676f2d626c61636b2d62672d6e65772e706e67, 'IMAGE', 2),
(42, '2016-12-27 11:54:30', 'Cressa Tupaz', 'UPDATE', 'scroller', 0x5461796c6f72205377696674204e6f77, 0x417474656e74696f6e210d0a0d0a546f20616c6c206f75722076616c7565642076697369746f727320706c656173652070726f6365656420746f206f70656e2067726f756e647320746f207769746e657373207468652073706563746163756c61722066697265776f726b7320646973706c61792e205468652073686f772077696c6c20737461727420696e203130206d696e757465732e, 'TEXT', 2),
(43, '2016-12-27 11:54:53', 'Cressa Tupaz', 'INSERT', 'second-bot', NULL, 0x72776d312e6a7067, 'IMAGE', 2),
(44, '2016-12-27 11:54:53', 'Cressa Tupaz', 'INSERT', 'second-bot', NULL, 0x72776d342e6a7067, 'IMAGE', 2),
(45, '2016-12-27 11:54:53', 'Cressa Tupaz', 'INSERT', 'second-bot', NULL, 0x72776d352e6a7067, 'IMAGE', 2),
(46, '2016-12-27 11:54:54', 'Cressa Tupaz', 'INSERT', 'second-bot', NULL, 0x72776d382e6a7067, 'IMAGE', 2),
(47, '2016-12-27 11:54:54', 'Cressa Tupaz', 'INSERT', 'second-bot', NULL, 0x72776d392e6a7067, 'IMAGE', 2),
(48, '2016-12-27 11:54:54', 'Cressa Tupaz', 'INSERT', 'second-bot', NULL, 0x72776d31342e6a7067, 'IMAGE', 2),
(49, '2016-12-27 11:55:12', 'Cressa Tupaz', 'INSERT', 'second-top', NULL, 0x53616e646172612d5061726b2d616e642d4d6172696f2d4d61757265722d486f6c696461792d323031362e6d7034, 'VIDEO', 2),
(50, '2016-12-27 11:55:32', 'Cressa Tupaz', 'INSERT', 'main-ad', NULL, 0x5265736f7274732d576f726c642d4d616e696c612d2d2d2d4e6f7468696e672d436f6d70617265732d54562d41642e6d7034, 'VIDEO', 2),
(51, '2016-12-27 11:55:47', 'Cressa Tupaz', 'UPDATE', 'main-ad', 0x312e30, 0x30, 'VOLUME', 2),
(52, '2016-12-27 11:55:56', 'Cressa Tupaz', 'UPDATE', 'background', 0x23464646464646, 0x23303030303030, 'COLOR', 2),
(53, '2016-12-27 11:57:10', 'Cressa Tupaz', 'UPDATE', 'background', 0x23303030303030, 0x23363037443842, 'COLOR', 2),
(54, '2016-12-27 11:57:20', 'Cressa Tupaz', 'UPDATE', 'background', 0x23363037443842, 0x23303030303030, 'COLOR', 2),
(55, '2016-12-27 11:58:27', 'Cressa Tupaz', 'UPDATE', 'scroller', 0x4c6f72656d20697073756d20646f6c6f722073697420616d65742c20636f6e73656374657475722061646970697363696e6720656c69742c2073656420646f20656975736d6f642074656d706f7220696e6369646964756e74207574206c61626f726520657420646f6c6f7265206d61676e6120616c697175612e20557420656e696d206164206d696e696d2076656e69616d2c2071756973206e6f737472756420657865726369746174696f6e20756c6c616d636f206c61626f726973206e69736920757420616c697175697020657820656120636f6d6d6f646f20636f6e7365717561742e2044756973206175746520697275726520646f6c6f7220696e20726570726568656e646572697420696e20766f6c7570746174652076656c697420657373652063696c6c756d20646f6c6f726520657520667567696174206e756c6c612070617269617475722e204578636570746575722073696e74206f6363616563617420637570696461746174206e6f6e2070726f6964656e742c2073756e7420696e2063756c706120717569206f666669636961206465736572756e74206d6f6c6c697420616e696d20696420657374206c61626f72756d2e, 0x546f20616c6c206f75722076616c7565642076697369746f727320706c656173652070726f6365656420746f206f70656e2067726f756e647320746f207769746e657373207468652073706563746163756c61722066697265776f726b7320646973706c61792e205468652073686f772077696c6c20737461727420696e203130206d696e757465732e, 'TEXT', 3),
(56, '2016-12-27 11:58:43', 'Cressa Tupaz', 'UPDATE', 'scroller', 0x546f20616c6c206f75722076616c7565642076697369746f727320706c656173652070726f6365656420746f206f70656e2067726f756e647320746f207769746e657373207468652073706563746163756c61722066697265776f726b7320646973706c61792e205468652073686f772077696c6c20737461727420696e203130206d696e757465732e, 0x48415050454e494e4720544f44415920444543454d4245522032372c20323031363a205052494d4f20415420424152203336302053484f572053544152545320415420383a313520504d207c204a41534d494e4520415420424152203138302053484f5720535441525453204154203920504d207c204d4f434841204749524c5320415420424152203336302053484f57205354415254532041542039504d, 'TEXT', 3),
(57, '2016-12-27 11:59:09', 'Cressa Tupaz', 'UPDATE', 'scroller', 0x417474656e74696f6e210d0a0d0a546f20616c6c206f75722076616c7565642076697369746f727320706c656173652070726f6365656420746f206f70656e2067726f756e647320746f207769746e657373207468652073706563746163756c61722066697265776f726b7320646973706c61792e205468652073686f772077696c6c20737461727420696e203130206d696e757465732e, 0x48415050454e494e4720544f44415920444543454d4245522032372c20323031363a205052494d4f20415420424152203336302053484f572053544152545320415420383a313520504d207c204a41534d494e4520415420424152203138302053484f5720535441525453204154203920504d207c204d4f434841204749524c5320415420424152203336302053484f57205354415254532041542039504d, 'TEXT', 2),
(58, '2016-12-27 11:59:31', 'Cressa Tupaz', 'INSERT', 'header-left', NULL, 0x72776d2d6c6f676f2d626c61636b2d62672d6e65772e706e67, 'IMAGE', 4),
(59, '2016-12-27 11:59:44', 'Cressa Tupaz', 'INSERT', 'main-left', NULL, 0x476967692d48616469642d52756c65732d5468652d436974792e6d7034, 'VIDEO', 4),
(60, '2016-12-27 11:59:44', 'Cressa Tupaz', 'UPDATE', 'main-left', 0x302e37, 0x30, 'VOLUME', 4),
(61, '2016-12-27 11:59:55', 'Cressa Tupaz', 'INSERT', 'main-right', NULL, 0x4b656e64616c6c2d4a656e6e65722d666f722d50656e73686f7070652d44656e696d6c61622d323031362e6d7034, 'VIDEO', 4),
(62, '2016-12-27 11:59:55', 'Cressa Tupaz', 'UPDATE', 'main-right', 0x302e31, 0x30, 'VOLUME', 4),
(63, '2016-12-27 12:00:17', 'Cressa Tupaz', 'UPDATE', 'scroller', 0x73616d706c6520746578742073616d706c6520746578742073616d706c652074657874, 0x48415050454e494e4720544f44415920444543454d4245522032372c20323031363a205052494d4f20415420424152203336302053484f572053544152545320415420383a313520504d207c204a41534d494e4520415420424152203138302053484f5720535441525453204154203920504d207c204d4f434841204749524c5320415420424152203336302053484f57205354415254532041542039504d, 'TEXT', 4),
(64, '2016-12-27 12:00:17', 'Cressa Tupaz', 'UPDATE', 'scroller', 0x23463434333336, 0x23464646464646, 'FONT COLOR', 4),
(65, '2016-12-27 12:00:17', 'Cressa Tupaz', 'UPDATE', 'scroller', 0x3830, 0x3530, 'FONT TYPE', 4),
(66, '2016-12-27 12:00:17', 'Cressa Tupaz', 'UPDATE', 'scroller', 0x3330, 0x3135, 'SPEED', 4),
(67, '2016-12-27 12:00:25', 'Cressa Tupaz', 'UPDATE', 'background', 0x23464646464646, 0x23303030303030, 'COLOR', 4),
(68, '2016-12-27 12:01:10', 'Cressa Tupaz', 'INSERT', 'main-left', NULL, 0x53616e646172612d5061726b2d616e642d4d6172696f2d4d61757265722d486f6c696461792d323031362e6d7034, 'VIDEO', 5),
(69, '2016-12-27 12:01:10', 'Cressa Tupaz', 'UPDATE', 'main-left', 0x312e30, 0x30, 'VOLUME', 5),
(70, '2016-12-27 12:01:29', 'Cressa Tupaz', 'INSERT', 'main-right', NULL, 0x436172612d44656c6576696e676e652d666f722d50656e73686f7070652d557262616e2d526562656c732e6d7034, 'VIDEO', 5),
(71, '2016-12-27 12:01:50', 'Cressa Tupaz', 'UPDATE', 'scroller', '', 0x48415050454e494e4720544f44415920444543454d4245522032372c20323031363a205052494d4f20415420424152203336302053484f572053544152545320415420383a313520504d207c204a41534d494e4520415420424152203138302053484f5720535441525453204154203920504d207c204d4f434841204749524c5320415420424152203336302053484f57205354415254532041542039504d, 'TEXT', 5),
(72, '2016-12-27 12:01:50', 'Cressa Tupaz', 'UPDATE', 'scroller', 0x23463434333336, 0x23464646464646, 'FONT COLOR', 5),
(73, '2016-12-27 12:01:50', 'Cressa Tupaz', 'UPDATE', 'scroller', 0x3830, 0x3530, 'FONT TYPE', 5),
(74, '2016-12-27 12:02:21', 'Cressa Tupaz', 'INSERT', 'header-left', NULL, 0x72776d2d6c6f676f2d626c61636b2d62672d6e65772e706e67, 'IMAGE', 6),
(75, '2016-12-27 12:02:31', 'Cressa Tupaz', 'INSERT', 'top-left', NULL, 0x4b656e64616c6c2d4a656e6e65722d666f722d50656e73686f7070652d44656e696d6c61622d323031362e6d7034, 'VIDEO', 6),
(76, '2016-12-27 12:02:44', 'Cressa Tupaz', 'INSERT', 'top-right', NULL, 0x72776d31302e6a7067, 'IMAGE', 6),
(77, '2016-12-27 12:02:44', 'Cressa Tupaz', 'INSERT', 'top-right', NULL, 0x72776d31342e6a7067, 'IMAGE', 6),
(78, '2016-12-27 12:03:04', 'Cressa Tupaz', 'INSERT', 'bottom-left', NULL, 0x72776d332e6a7067, 'IMAGE', 6),
(79, '2016-12-27 12:03:04', 'Cressa Tupaz', 'INSERT', 'bottom-left', NULL, 0x72776d382e6a7067, 'IMAGE', 6),
(80, '2016-12-27 12:03:04', 'Cressa Tupaz', 'INSERT', 'bottom-left', NULL, 0x72776d31322e6a7067, 'IMAGE', 6),
(81, '2016-12-27 12:03:16', 'Cressa Tupaz', 'INSERT', 'bottom-right', NULL, 0x476967692d48616469642d52756c65732d5468652d436974792e6d7034, 'VIDEO', 6),
(82, '2016-12-27 12:03:29', 'Cressa Tupaz', 'UPDATE', 'scroller', 0x54657374207363726f6c6c6572, 0x48415050454e494e4720544f44415920444543454d4245522032372c20323031363a205052494d4f20415420424152203336302053484f572053544152545320415420383a313520504d207c204a41534d494e4520415420424152203138302053484f5720535441525453204154203920504d207c204d4f434841204749524c5320415420424152203336302053484f57205354415254532041542039504d, 'TEXT', 6),
(83, '2016-12-27 12:03:50', 'Cressa Tupaz', 'INSERT', 'main-left', NULL, 0x436172612d44656c6576696e676e652d666f722d50656e73686f7070652d557262616e2d526562656c732e6d7034, 'VIDEO', 8),
(84, '2016-12-27 12:03:57', 'Cressa Tupaz', 'INSERT', 'main-right', NULL, 0x414e4e49452d70686f746f2d636f7572746573792d6f662d5265736f7274732d4d616e696c612e706e67, 'IMAGE', 8),
(85, '2016-12-27 12:04:24', 'Cressa Tupaz', 'INSERT', 'main-left', NULL, 0x72776d342e6a7067, 'IMAGE', 9),
(86, '2016-12-27 12:04:24', 'Cressa Tupaz', 'INSERT', 'main-left', NULL, 0x72776d352e6a7067, 'IMAGE', 9),
(87, '2016-12-27 12:04:24', 'Cressa Tupaz', 'INSERT', 'main-left', NULL, 0x72776d362e6a7067, 'IMAGE', 9),
(88, '2016-12-27 12:04:33', 'Cressa Tupaz', 'INSERT', 'main-right', NULL, 0x72776d382e6a7067, 'IMAGE', 9),
(89, '2016-12-27 12:04:33', 'Cressa Tupaz', 'INSERT', 'main-right', NULL, 0x72776d392e6a7067, 'IMAGE', 9),
(90, '2016-12-27 12:04:33', 'Cressa Tupaz', 'INSERT', 'main-right', NULL, 0x72776d31302e6a7067, 'IMAGE', 9),
(91, '2016-12-27 12:04:59', 'Cressa Tupaz', 'INSERT', 'main-ad', NULL, 0x53616e646172612d5061726b2d616e642d4d6172696f2d4d61757265722d486f6c696461792d323031362e6d7034, 'VIDEO', 7),
(92, '2016-12-27 12:05:56', 'Cressa Tupaz', 'DELETE', 'main-ad', NULL, 0x53616e646172612d5061726b2d616e642d4d6172696f2d4d61757265722d486f6c696461792d323031362e6d7034, 'VIDEO', 7),
(93, '2016-12-27 12:14:46', 'Cressa Tupaz', 'UPDATE', 'scroller', 0x4c6f72656d20697073756d20646f6c6f722073697420616d65742c20636f6e73656374657475722061646970697363696e6720656c69742c2073656420646f20656975736d6f642074656d706f7220696e6369646964756e74207574206c61626f726520657420646f6c6f7265206d61676e6120616c697175612e20557420656e696d206164206d696e696d2076656e69616d2c2071756973206e6f737472756420657865726369746174696f6e20756c6c616d636f206c61626f726973206e69736920757420616c697175697020657820656120636f6d6d6f646f20636f6e7365717561742e2044756973206175746520697275726520646f6c6f7220696e20726570726568656e646572697420696e20766f6c7570746174652076656c697420657373652063696c6c756d20646f6c6f726520657520667567696174206e756c6c612070617269617475722e204578636570746575722073696e74206f6363616563617420637570696461746174206e6f6e2070726f6964656e742c2073756e7420696e2063756c706120717569206f666669636961206465736572756e74206d6f6c6c697420616e696d20696420657374206c61626f72756d2e, '', 'TEXT', 1),
(94, '2016-12-27 12:14:58', 'Cressa Tupaz', 'UPDATE', 'scroller', 0x48415050454e494e4720544f44415920444543454d4245522032372c20323031363a205052494d4f20415420424152203336302053484f572053544152545320415420383a313520504d207c204a41534d494e4520415420424152203138302053484f5720535441525453204154203920504d207c204d4f434841204749524c5320415420424152203336302053484f57205354415254532041542039504d, '', 'TEXT', 2),
(95, '2016-12-27 12:15:08', 'Cressa Tupaz', 'UPDATE', 'scroller', 0x48415050454e494e4720544f44415920444543454d4245522032372c20323031363a205052494d4f20415420424152203336302053484f572053544152545320415420383a313520504d207c204a41534d494e4520415420424152203138302053484f5720535441525453204154203920504d207c204d4f434841204749524c5320415420424152203336302053484f57205354415254532041542039504d, '', 'TEXT', 3),
(96, '2016-12-27 12:15:17', 'Cressa Tupaz', 'UPDATE', 'scroller', 0x48415050454e494e4720544f44415920444543454d4245522032372c20323031363a205052494d4f20415420424152203336302053484f572053544152545320415420383a313520504d207c204a41534d494e4520415420424152203138302053484f5720535441525453204154203920504d207c204d4f434841204749524c5320415420424152203336302053484f57205354415254532041542039504d, '', 'TEXT', 4),
(97, '2016-12-27 12:15:27', 'Cressa Tupaz', 'UPDATE', 'scroller', 0x48415050454e494e4720544f44415920444543454d4245522032372c20323031363a205052494d4f20415420424152203336302053484f572053544152545320415420383a313520504d207c204a41534d494e4520415420424152203138302053484f5720535441525453204154203920504d207c204d4f434841204749524c5320415420424152203336302053484f57205354415254532041542039504d, '', 'TEXT', 5),
(98, '2016-12-27 12:15:36', 'Cressa Tupaz', 'UPDATE', 'scroller', 0x48415050454e494e4720544f44415920444543454d4245522032372c20323031363a205052494d4f20415420424152203336302053484f572053544152545320415420383a313520504d207c204a41534d494e4520415420424152203138302053484f5720535441525453204154203920504d207c204d4f434841204749524c5320415420424152203336302053484f57205354415254532041542039504d, '', 'TEXT', 6),
(99, '2016-12-27 14:56:11', 'Cressa Tupaz', 'INSERT', 'header-left', NULL, 0x72776d2d6c6f676f2d626c61636b2d62672d6e65772e706e67, 'IMAGE', 1),
(100, '2016-12-27 14:57:46', 'Cressa Tupaz', 'INSERT', 'main-ad', NULL, 0x5265736f7274732d576f726c642d4d616e696c612d2d2d2d4e6f7468696e672d436f6d70617265732d54562d41642e6d7034, 'VIDEO', 1),
(101, '2016-12-27 14:58:05', 'Cressa Tupaz', 'INSERT', 'second-top', NULL, 0x436c69636b2c2d53686f702d616e642d52656465656d2d776974682d52574d2d4465616c732e6d7034, 'VIDEO', 1),
(102, '2016-12-27 14:58:27', 'Cressa Tupaz', 'INSERT', 'second-bot', NULL, 0x72776d312e6a7067, 'IMAGE', 1),
(103, '2016-12-27 14:58:27', 'Cressa Tupaz', 'INSERT', 'second-bot', NULL, 0x72776d322e6a7067, 'IMAGE', 1),
(104, '2016-12-27 14:58:27', 'Cressa Tupaz', 'INSERT', 'second-bot', NULL, 0x72776d332e6a7067, 'IMAGE', 1),
(105, '2016-12-27 14:58:27', 'Cressa Tupaz', 'INSERT', 'second-bot', NULL, 0x72776d342e6a7067, 'IMAGE', 1),
(106, '2016-12-27 14:58:27', 'Cressa Tupaz', 'INSERT', 'second-bot', NULL, 0x72776d352e6a7067, 'IMAGE', 1),
(107, '2016-12-27 14:58:27', 'Cressa Tupaz', 'INSERT', 'second-bot', NULL, 0x72776d362e6a7067, 'IMAGE', 1),
(108, '2016-12-27 14:58:27', 'Cressa Tupaz', 'INSERT', 'second-bot', NULL, 0x72776d372e6a7067, 'IMAGE', 1),
(109, '2016-12-27 14:58:27', 'Cressa Tupaz', 'INSERT', 'second-bot', NULL, 0x72776d382e6a7067, 'IMAGE', 1),
(110, '2016-12-27 14:58:27', 'Cressa Tupaz', 'INSERT', 'second-bot', NULL, 0x72776d392e6a7067, 'IMAGE', 1),
(111, '2016-12-27 14:58:27', 'Cressa Tupaz', 'INSERT', 'second-bot', NULL, 0x72776d31302e6a7067, 'IMAGE', 1),
(112, '2016-12-27 14:58:27', 'Cressa Tupaz', 'INSERT', 'second-bot', NULL, 0x72776d31312e4a5047, 'IMAGE', 1),
(113, '2016-12-27 14:58:27', 'Cressa Tupaz', 'INSERT', 'second-bot', NULL, 0x72776d31322e6a7067, 'IMAGE', 1),
(114, '2016-12-27 14:58:54', 'Cressa Tupaz', 'UPDATE', 'scroller', '', 0x48415050454e494e4720544f44415920444543454d4245522032372c20323031363a205052494d4f20415420424152203336302053484f572053544152545320415420383a313520504d207c204a41534d494e4520415420424152203138302053484f5720535441525453204154203920504d207c204d4f434841204749524c5320415420424152203336302053484f57205354415254532041542039504d, 'TEXT', 1),
(115, '2016-12-27 14:59:11', 'Cressa Tupaz', 'UPDATE', 'scroller', 0x23463434333336, 0x23464634303831, 'FONT COLOR', 1),
(116, '2016-12-27 14:59:11', 'Cressa Tupaz', 'UPDATE', 'scroller', 0x3530, 0x3830, 'FONT TYPE', 1),
(117, '2016-12-27 14:59:36', 'Cressa Tupaz', 'UPDATE', 'scroller', 0x3135, 0x3235, 'SPEED', 1),
(118, '2016-12-27 15:00:52', 'Cressa Tupaz', 'INSERT', 'main-ad', NULL, 0x436c69636b2c2053686f7020616e642052656465656d20776974682052574d204465616c732830292e6d7034, 'VIDEO', 1),
(119, '2016-12-27 15:00:52', 'Cressa Tupaz', 'INSERT', 'main-ad', NULL, 0x73757065725f66696e616c5f6962632e6d7034, 'VIDEO', 1),
(120, '2017-01-04 10:57:39', 'Cressa Tupaz', 'UPDATE', 'scroller', 0x23464634303831, 0x23463434333336, 'FONT COLOR', 1),
(121, '2017-01-04 10:57:39', 'Cressa Tupaz', 'UPDATE', 'scroller', 0x3830, 0x3530, 'FONT TYPE', 1),
(122, '2017-01-06 11:47:27', 'Cressa Tupaz', 'DELETE', 'main-ad', NULL, 0x73757065725f66696e616c5f6962632e6d7034, 'VIDEO', 1),
(123, '2017-01-06 12:31:25', 'Cressa Tupaz', 'DELETE', 'main-ad', NULL, 0x5265736f7274732d576f726c642d4d616e696c612d2d2d2d4e6f7468696e672d436f6d70617265732d54562d41642e6d7034, 'VIDEO', 1),
(124, '2017-01-06 13:07:26', 'Cressa Tupaz', 'INSERT', 'main-ad', NULL, 0x496e74726f647563696e672d506978656c2c2d50686f6e652d62792d476f6f676c652e6d7034, 'VIDEO', 1),
(125, '2017-01-13 11:24:02', 'Cressa Tupaz', 'DELETE', 'second-top', NULL, 0x436c69636b2c2d53686f702d616e642d52656465656d2d776974682d52574d2d4465616c732e6d7034, 'VIDEO', 1),
(126, '2017-01-13 11:25:20', 'Cressa Tupaz', 'DELETE', 'main-ad', NULL, 0x436c69636b2c2053686f7020616e642052656465656d20776974682052574d204465616c732830292e6d7034, 'VIDEO', 1),
(127, '2017-01-13 11:25:21', 'Cressa Tupaz', 'DELETE', 'main-ad', NULL, 0x496e74726f647563696e672d506978656c2c2d50686f6e652d62792d476f6f676c652e6d7034, 'VIDEO', 1),
(128, '2017-01-13 11:34:20', 'Cressa Tupaz', 'DELETE', 'header-left', NULL, 0x72776d2d6c6f676f2d626c61636b2d62672d6e65772e706e67, 'IMAGE', 1),
(129, '2017-01-13 11:34:21', 'Cressa Tupaz', 'DELETE', 'second-bot', NULL, 0x72776d312e6a7067, 'IMAGE', 1),
(130, '2017-01-13 11:34:21', 'Cressa Tupaz', 'DELETE', 'second-bot', NULL, 0x72776d322e6a7067, 'IMAGE', 1),
(131, '2017-01-13 11:34:34', 'Cressa Tupaz', 'DELETE', 'second-bot', NULL, 0x72776d352e6a7067, 'IMAGE', 1),
(132, '2017-01-13 11:34:34', 'Cressa Tupaz', 'DELETE', 'second-bot', NULL, 0x72776d362e6a7067, 'IMAGE', 1),
(133, '2017-01-13 11:34:34', 'Cressa Tupaz', 'DELETE', 'second-bot', NULL, 0x72776d372e6a7067, 'IMAGE', 1),
(134, '2017-01-13 11:40:00', 'Cressa Tupaz', 'DELETE', 'second-bot', NULL, 0x72776d332e6a7067, 'IMAGE', 1),
(135, '2017-01-13 12:45:13', 'Cressa Tupaz', 'INSERT', 'main-ad', NULL, 0x436c69636b2c2d53686f702d616e642d52656465656d2d776974682d52574d2d4465616c732e6d7034, 'VIDEO', 1),
(136, '2017-01-13 12:45:13', 'Cressa Tupaz', 'INSERT', 'main-ad', NULL, 0x4d6f72652d746872696c6c732d6f6e2d5468652d416d617a696e672d526163652d417369612d352e6d7034, 'VIDEO', 1),
(137, '2017-01-13 14:06:49', 'Cressa Tupaz', 'UPDATE', 'main-ad', 0x30, 0x302e38, 'VOLUME', 1),
(138, '2017-01-13 14:07:20', 'Cressa Tupaz', 'UPDATE', 'main-ad', 0x302e38, 0x302e31, 'VOLUME', 1),
(139, '2017-01-13 14:08:16', 'Cressa Tupaz', 'UPDATE', 'main-ad', 0x302e31, 0x30, 'VOLUME', 1),
(140, '2017-01-26 15:01:34', 'Cressa Tupaz', 'DELETE', 'main-ad', NULL, 0x436c69636b2c2d53686f702d616e642d52656465656d2d776974682d52574d2d4465616c732e6d7034, 'VIDEO', 1),
(141, '2017-01-26 15:01:35', 'Cressa Tupaz', 'DELETE', 'main-ad', NULL, 0x4d6f72652d746872696c6c732d6f6e2d5468652d416d617a696e672d526163652d417369612d352e6d7034, 'VIDEO', 1),
(142, '2017-01-26 15:14:52', 'Cressa Tupaz', 'DELETE', 'second-bot', NULL, 0x72776d342e6a7067, 'IMAGE', 1),
(143, '2017-01-26 15:14:52', 'Cressa Tupaz', 'DELETE', 'second-bot', NULL, 0x72776d382e6a7067, 'IMAGE', 1),
(144, '2017-01-26 15:14:52', 'Cressa Tupaz', 'DELETE', 'second-bot', NULL, 0x72776d31322e6a7067, 'IMAGE', 1),
(145, '2017-01-26 15:15:02', 'Cressa Tupaz', 'DELETE', 'second-bot', NULL, 0x72776d392e6a7067, 'IMAGE', 1),
(146, '2017-01-26 15:15:02', 'Cressa Tupaz', 'DELETE', 'second-bot', NULL, 0x72776d31302e6a7067, 'IMAGE', 1),
(147, '2017-01-26 15:15:02', 'Cressa Tupaz', 'DELETE', 'second-bot', NULL, 0x72776d31312e4a5047, 'IMAGE', 1),
(148, '2017-01-26 15:15:28', 'Cressa Tupaz', 'INSERT', 'main-ad', NULL, 0x323031362d466f72642d4578706c6f7265722d2d546f7567682d4c6f76652d2d2d4578706c6f7265722d2d2d466f72642e6d7034, 'VIDEO', 1),
(149, '2017-01-26 15:15:28', 'Cressa Tupaz', 'INSERT', 'main-ad', NULL, 0x436172612d44656c6576696e676e652d666f722d50656e73686f7070652d557262616e2d526562656c732e6d7034, 'VIDEO', 1),
(150, '2017-01-26 15:15:40', 'Cressa Tupaz', 'INSERT', 'second-bot', NULL, 0x414e4e49452d70686f746f2d636f7572746573792d6f662d5265736f7274732d4d616e696c612e706e67, 'IMAGE', 1),
(151, '2017-01-26 15:15:40', 'Cressa Tupaz', 'INSERT', 'second-bot', NULL, 0x62672d73656d696e61722d667265652d666f726d61742d6675747572652e706e67, 'IMAGE', 1),
(152, '2017-01-26 15:15:41', 'Cressa Tupaz', 'INSERT', 'second-bot', NULL, 0x4d616e696c615f2d5068696c697070696e65735f4c6976652d696e2d4d616e696c615f3243656c6c6f735f53746a6570616e2d4861757365725f4c756b612d53756c69635f436f6e636572745f456e7465727461696e6d656e745f4576656e74735f53686f775f426573745f312e6a7067, 'IMAGE', 1),
(153, '2017-01-26 15:15:56', 'Cressa Tupaz', 'DELETE', 'second-bot', NULL, 0x414e4e49452d70686f746f2d636f7572746573792d6f662d5265736f7274732d4d616e696c612e706e67, 'IMAGE', 1),
(154, '2017-01-26 15:17:59', 'Cressa Tupaz', 'DELETE', 'main-ad', NULL, 0x323031362d466f72642d4578706c6f7265722d2d546f7567682d4c6f76652d2d2d4578706c6f7265722d2d2d466f72642e6d7034, 'VIDEO', 1),
(155, '2017-01-26 15:17:59', 'Cressa Tupaz', 'DELETE', 'main-ad', NULL, 0x436172612d44656c6576696e676e652d666f722d50656e73686f7070652d557262616e2d526562656c732e6d7034, 'VIDEO', 1),
(156, '2017-01-26 15:17:59', 'Cressa Tupaz', 'DELETE', 'second-bot', NULL, 0x62672d73656d696e61722d667265652d666f726d61742d6675747572652e706e67, 'IMAGE', 1),
(157, '2017-01-26 15:17:59', 'Cressa Tupaz', 'DELETE', 'second-bot', NULL, 0x4d616e696c615f2d5068696c697070696e65735f4c6976652d696e2d4d616e696c615f3243656c6c6f735f53746a6570616e2d4861757365725f4c756b612d53756c69635f436f6e636572745f456e7465727461696e6d656e745f4576656e74735f53686f775f426573745f312e6a7067, 'IMAGE', 1),
(158, '2017-01-26 15:18:15', 'Cressa Tupaz', 'INSERT', 'main-ad', NULL, 0x323031362d466f72642d4578706c6f7265722d2d546f7567682d4c6f76652d2d2d4578706c6f7265722d2d2d466f72642e6d7034, 'VIDEO', 1),
(159, '2017-01-26 15:18:16', 'Cressa Tupaz', 'INSERT', 'main-ad', NULL, 0x436172612d44656c6576696e676e652d666f722d50656e73686f7070652d557262616e2d526562656c732e6d7034, 'VIDEO', 1),
(160, '2017-01-26 15:18:23', 'Cressa Tupaz', 'INSERT', 'second-bot', NULL, 0x414e4e49452d70686f746f2d636f7572746573792d6f662d5265736f7274732d4d616e696c612e706e67, 'IMAGE', 1),
(161, '2017-01-26 15:18:23', 'Cressa Tupaz', 'INSERT', 'second-bot', NULL, 0x62672d73656d696e61722d667265652d666f726d61742d6675747572652e706e67, 'IMAGE', 1),
(162, '2017-01-26 15:18:23', 'Cressa Tupaz', 'INSERT', 'second-bot', NULL, 0x4d616e696c615f2d5068696c697070696e65735f4c6976652d696e2d4d616e696c615f3243656c6c6f735f53746a6570616e2d4861757365725f4c756b612d53756c69635f436f6e636572745f456e7465727461696e6d656e745f4576656e74735f53686f775f426573745f312e6a7067, 'IMAGE', 1),
(163, '2017-01-26 15:18:29', 'Cressa Tupaz', 'DELETE', 'main-ad', NULL, 0x323031362d466f72642d4578706c6f7265722d2d546f7567682d4c6f76652d2d2d4578706c6f7265722d2d2d466f72642e6d7034, 'VIDEO', 1),
(164, '2017-01-26 15:18:37', 'Cressa Tupaz', 'DELETE', 'main-ad', NULL, 0x436172612d44656c6576696e676e652d666f722d50656e73686f7070652d557262616e2d526562656c732e6d7034, 'VIDEO', 1),
(165, '2017-01-26 15:18:38', 'Cressa Tupaz', 'DELETE', 'second-bot', NULL, 0x414e4e49452d70686f746f2d636f7572746573792d6f662d5265736f7274732d4d616e696c612e706e67, 'IMAGE', 1),
(166, '2017-02-08 14:40:48', 'Cressa Tupaz', 'DELETE', 'second-bot', NULL, 0x62672d73656d696e61722d667265652d666f726d61742d6675747572652e706e67, 'IMAGE', 1),
(167, '2017-02-08 14:40:49', 'Cressa Tupaz', 'DELETE', 'second-bot', NULL, 0x4d616e696c615f2d5068696c697070696e65735f4c6976652d696e2d4d616e696c615f3243656c6c6f735f53746a6570616e2d4861757365725f4c756b612d53756c69635f436f6e636572745f456e7465727461696e6d656e745f4576656e74735f53686f775f426573745f312e6a7067, 'IMAGE', 1),
(168, '2017-02-08 14:42:22', 'Cressa Tupaz', 'INSERT', 'main-ad', NULL, 0x436c69636b2c2d53686f702d616e642d52656465656d2d776974682d52574d2d4465616c732e6d7034, 'VIDEO', 7),
(169, '2017-02-08 14:42:22', 'Cressa Tupaz', 'INSERT', 'main-ad', NULL, 0x5265736f7274732d576f726c642d4d616e696c612d2d2d2d4e6f7468696e672d436f6d70617265732d54562d41642e6d7034, 'VIDEO', 7),
(170, '2017-02-08 14:42:22', 'Cressa Tupaz', 'UPDATE', 'main-ad', 0x312e30, 0x30, 'VOLUME', 7),
(171, '2017-02-08 15:21:08', 'Cressa Tupaz', 'DELETE', 'main-ad', NULL, 0x436c69636b2c2d53686f702d616e642d52656465656d2d776974682d52574d2d4465616c732e6d7034, 'VIDEO', 7),
(172, '2017-02-08 15:21:09', 'Cressa Tupaz', 'DELETE', 'main-ad', NULL, 0x5265736f7274732d576f726c642d4d616e696c612d2d2d2d4e6f7468696e672d436f6d70617265732d54562d41642e6d7034, 'VIDEO', 7),
(173, '2017-02-08 15:23:24', 'Cressa Tupaz', 'INSERT', 'main-ad', NULL, 0x496e74726f647563696e672d506978656c2c2d50686f6e652d62792d476f6f676c652e6d7034, 'VIDEO', 1),
(174, '2017-02-08 15:23:24', 'Cressa Tupaz', 'INSERT', 'main-ad', NULL, 0x5265736f7274732d576f726c642d4d616e696c612d2d2d2d4e6f7468696e672d436f6d70617265732d54562d41642e6d7034, 'VIDEO', 1),
(175, '2017-02-08 15:36:38', 'Cressa Tupaz', 'UPDATE', 'scroller', 0x3135, 0x3235, 'SPEED', 2),
(176, '2017-02-08 15:39:21', 'Cressa Tupaz', 'DELETE', 'main-ad', NULL, 0x496e74726f647563696e672d506978656c2c2d50686f6e652d62792d476f6f676c652e6d7034, 'VIDEO', 1),
(177, '2017-02-08 15:39:22', 'Cressa Tupaz', 'DELETE', 'main-ad', NULL, 0x5265736f7274732d576f726c642d4d616e696c612d2d2d2d4e6f7468696e672d436f6d70617265732d54562d41642e6d7034, 'VIDEO', 1),
(178, '2017-02-08 16:21:37', 'Cressa Tupaz', 'UPDATE', 'scroller', 0x48415050454e494e4720544f44415920444543454d4245522032372c20323031363a205052494d4f20415420424152203336302053484f572053544152545320415420383a313520504d207c204a41534d494e4520415420424152203138302053484f5720535441525453204154203920504d207c204d4f434841204749524c5320415420424152203336302053484f57205354415254532041542039504d, '', 'TEXT', 1),
(179, '2017-02-08 16:23:14', 'Cressa Tupaz', 'INSERT', 'main-ad', NULL, 0x436c69636b2c2d53686f702d616e642d52656465656d2d776974682d52574d2d4465616c732e6d7034, 'VIDEO', 2),
(180, '2017-02-08 16:23:14', 'Cressa Tupaz', 'INSERT', 'main-ad', NULL, 0x5265736f7274732d576f726c642d4d616e696c612d2d2d2d4e6f7468696e672d436f6d70617265732d54562d41642e6d7034, 'VIDEO', 2),
(181, '2017-02-08 16:24:48', 'Cressa Tupaz', 'INSERT', 'second-top', NULL, 0x323031362d466f72642d4578706c6f7265722d2d546f7567682d4c6f76652d2d2d4578706c6f7265722d2d2d466f72642e6d7034, 'VIDEO', 2),
(182, '2017-02-08 16:25:32', 'Cressa Tupaz', 'INSERT', 'second-bot', NULL, 0x62672d73656d696e61722d667265652d666f726d61742d6675747572652e706e67, 'IMAGE', 2),
(183, '2017-02-08 16:25:32', 'Cressa Tupaz', 'INSERT', 'second-bot', NULL, 0x4d616e696c615f2d5068696c697070696e65735f4c6976652d696e2d4d616e696c615f3243656c6c6f735f53746a6570616e2d4861757365725f4c756b612d53756c69635f436f6e636572745f456e7465727461696e6d656e745f4576656e74735f53686f775f426573745f312e6a7067, 'IMAGE', 2),
(184, '2017-02-08 16:27:59', 'Cressa Tupaz', 'DELETE', 'main-ad', NULL, 0x436c69636b2c2d53686f702d616e642d52656465656d2d776974682d52574d2d4465616c732e6d7034, 'VIDEO', 2),
(185, '2017-02-08 16:27:59', 'Cressa Tupaz', 'DELETE', 'main-ad', NULL, 0x5265736f7274732d576f726c642d4d616e696c612d2d2d2d4e6f7468696e672d436f6d70617265732d54562d41642e6d7034, 'VIDEO', 2),
(186, '2017-02-08 16:27:59', 'Cressa Tupaz', 'DELETE', 'second-top', NULL, 0x323031362d466f72642d4578706c6f7265722d2d546f7567682d4c6f76652d2d2d4578706c6f7265722d2d2d466f72642e6d7034, 'VIDEO', 2),
(187, '2017-02-08 16:27:59', 'Cressa Tupaz', 'DELETE', 'second-bot', NULL, 0x62672d73656d696e61722d667265652d666f726d61742d6675747572652e706e67, 'IMAGE', 2),
(188, '2017-02-08 16:27:59', 'Cressa Tupaz', 'DELETE', 'second-bot', NULL, 0x4d616e696c615f2d5068696c697070696e65735f4c6976652d696e2d4d616e696c615f3243656c6c6f735f53746a6570616e2d4861757365725f4c756b612d53756c69635f436f6e636572745f456e7465727461696e6d656e745f4576656e74735f53686f775f426573745f312e6a7067, 'IMAGE', 2),
(189, '2017-02-08 16:32:04', 'Cressa Tupaz', 'INSERT', 'second-bot', NULL, 0x62672d73656d696e61722d667265652d666f726d61742d6675747572652e706e67, 'IMAGE', 1),
(190, '2017-02-08 16:32:04', 'Cressa Tupaz', 'INSERT', 'second-bot', NULL, 0x4d616e696c615f2d5068696c697070696e65735f4c6976652d696e2d4d616e696c615f3243656c6c6f735f53746a6570616e2d4861757365725f4c756b612d53756c69635f436f6e636572745f456e7465727461696e6d656e745f4576656e74735f53686f775f426573745f312e6a7067, 'IMAGE', 1),
(191, '2017-02-08 16:32:27', 'Cressa Tupaz', 'DELETE', 'second-bot', NULL, 0x62672d73656d696e61722d667265652d666f726d61742d6675747572652e706e67, 'IMAGE', 1),
(192, '2017-02-08 16:32:28', 'Cressa Tupaz', 'DELETE', 'second-bot', NULL, 0x4d616e696c615f2d5068696c697070696e65735f4c6976652d696e2d4d616e696c615f3243656c6c6f735f53746a6570616e2d4861757365725f4c756b612d53756c69635f436f6e636572745f456e7465727461696e6d656e745f4576656e74735f53686f775f426573745f312e6a7067, 'IMAGE', 1),
(193, '2017-02-08 16:32:53', 'Cressa Tupaz', 'INSERT', 'second-bot', NULL, 0x414e4e49452d70686f746f2d636f7572746573792d6f662d5265736f7274732d4d616e696c612e706e67, 'IMAGE', 2),
(194, '2017-02-08 16:32:53', 'Cressa Tupaz', 'INSERT', 'second-bot', NULL, 0x62672d73656d696e61722d667265652d666f726d61742d6675747572652e706e67, 'IMAGE', 2),
(195, '2017-02-08 16:33:09', 'Cressa Tupaz', 'DELETE', 'second-bot', NULL, 0x414e4e49452d70686f746f2d636f7572746573792d6f662d5265736f7274732d4d616e696c612e706e67, 'IMAGE', 2),
(196, '2017-02-08 16:33:09', 'Cressa Tupaz', 'DELETE', 'second-bot', NULL, 0x62672d73656d696e61722d667265652d666f726d61742d6675747572652e706e67, 'IMAGE', 2),
(197, '2017-02-08 16:34:48', 'Cressa Tupaz', 'INSERT', 'main-slide', NULL, 0x62672d73656d696e61722d667265652d666f726d61742d6675747572652e706e67, 'IMAGE', 3),
(198, '2017-02-08 16:34:48', 'Cressa Tupaz', 'INSERT', 'main-slide', NULL, 0x4d616e696c615f2d5068696c697070696e65735f4c6976652d696e2d4d616e696c615f3243656c6c6f735f53746a6570616e2d4861757365725f4c756b612d53756c69635f436f6e636572745f456e7465727461696e6d656e745f4576656e74735f53686f775f426573745f312e6a7067, 'IMAGE', 3),
(199, '2017-02-08 16:40:46', 'Cressa Tupaz', 'DELETE', 'main-slide', NULL, 0x62672d73656d696e61722d667265652d666f726d61742d6675747572652e706e67, 'IMAGE', 3),
(200, '2017-02-08 16:40:46', 'Cressa Tupaz', 'DELETE', 'main-slide', NULL, 0x4d616e696c615f2d5068696c697070696e65735f4c6976652d696e2d4d616e696c615f3243656c6c6f735f53746a6570616e2d4861757365725f4c756b612d53756c69635f436f6e636572745f456e7465727461696e6d656e745f4576656e74735f53686f775f426573745f312e6a7067, 'IMAGE', 3);

-- --------------------------------------------------------

--
-- Table structure for table `marquee`
--

CREATE TABLE `marquee` (
  `marquee_id` int(6) NOT NULL,
  `marquee_text` blob,
  `font_type` varchar(100) DEFAULT NULL,
  `font_color` varchar(7) DEFAULT NULL,
  `font_size` int(2) DEFAULT NULL,
  `scroll_speed` int(2) DEFAULT NULL,
  `template_id` int(11) NOT NULL
) ENGINE=InnoDB DEFAULT CHARSET=latin1;

--
-- Dumping data for table `marquee`
--

INSERT INTO `marquee` (`marquee_id`, `marquee_text`, `font_type`, `font_color`, `font_size`, `scroll_speed`, `template_id`) VALUES
(1, '', 'Arial', '#F44336', 50, 25, 1),
(2, '', 'Arial', '#F44336', 50, 25, 2),
(3, '', 'Arial', '#F44336', 50, 15, 3),
(4, '', 'Arial', '#FFFFFF', 50, 15, 4),
(5, '', 'Arial', '#FFFFFF', 50, 30, 5),
(6, '', 'Arial', '#F44336', 50, 15, 6),
(7, NULL, 'Arial', '#FFFFFF', 50, 45, 7),
(8, NULL, 'Arial', '#FFFFFF', 50, 45, 8),
(9, NULL, 'Arial', '#FFFFFF', 50, 45, 9);

-- --------------------------------------------------------

--
-- Table structure for table `mute`
--

CREATE TABLE `mute` (
  `location` varchar(100) DEFAULT NULL,
  `volume` varchar(3) DEFAULT NULL,
  `template_id` int(6) DEFAULT NULL
) ENGINE=InnoDB DEFAULT CHARSET=latin1;

--
-- Dumping data for table `mute`
--

INSERT INTO `mute` (`location`, `volume`, `template_id`) VALUES
('main-ad', '0', 1),
('second-top', '0', 1),
('top-left', '0', 6),
('bottom-right', '0.8', 6),
('main-ad', '0', 2),
('second-top', '0', 2),
('second-left', '0', 3),
('second-right', '0', 3),
('main-left', '0', 4),
('main-right', '0', 4),
('main-left', '0', 5),
('main-right', '0', 5),
('main-ad', '0', 7),
('main-left', '0', 8);

-- --------------------------------------------------------

--
-- Table structure for table `refresh`
--

CREATE TABLE `refresh` (
  `id` int(1) NOT NULL,
  `refresh` int(1) DEFAULT NULL
) ENGINE=InnoDB DEFAULT CHARSET=latin1;

--
-- Dumping data for table `refresh`
--

INSERT INTO `refresh` (`id`, `refresh`) VALUES
(1, 0),
(2, 3600);

-- --------------------------------------------------------

--
-- Table structure for table `template`
--

CREATE TABLE `template` (
  `id` int(11) NOT NULL,
  `status` int(1) NOT NULL
) ENGINE=InnoDB DEFAULT CHARSET=latin1;

--
-- Dumping data for table `template`
--

INSERT INTO `template` (`id`, `status`) VALUES
(1, 1),
(2, 0),
(3, 0),
(4, 0),
(5, 0),
(6, 0),
(7, 0),
(8, 0),
(9, 0);

-- --------------------------------------------------------

--
-- Table structure for table `upload`
--

CREATE TABLE `upload` (
  `id` int(11) NOT NULL,
  `name` blob NOT NULL,
  `type` varchar(10) NOT NULL,
  `location` varchar(20) NOT NULL,
  `template_id` int(11) NOT NULL,
  `show_from` datetime DEFAULT NULL,
  `show_to` datetime DEFAULT NULL,
  `date_ended` datetime DEFAULT NULL,
  `status` bit(1) DEFAULT b'0'
) ENGINE=InnoDB DEFAULT CHARSET=latin1;

--
-- Indexes for dumped tables
--

--
-- Indexes for table `background`
--
ALTER TABLE `background`
  ADD PRIMARY KEY (`bg_id`);

--
-- Indexes for table `devices`
--
ALTER TABLE `devices`
  ADD PRIMARY KEY (`id`);

--
-- Indexes for table `emergency`
--
ALTER TABLE `emergency`
  ADD PRIMARY KEY (`id`);

--
-- Indexes for table `login`
--
ALTER TABLE `login`
  ADD PRIMARY KEY (`id`);

--
-- Indexes for table `logs`
--
ALTER TABLE `logs`
  ADD PRIMARY KEY (`id`);

--
-- Indexes for table `marquee`
--
ALTER TABLE `marquee`
  ADD PRIMARY KEY (`marquee_id`);

--
-- Indexes for table `refresh`
--
ALTER TABLE `refresh`
  ADD PRIMARY KEY (`id`);

--
-- Indexes for table `template`
--
ALTER TABLE `template`
  ADD PRIMARY KEY (`id`);

--
-- Indexes for table `upload`
--
ALTER TABLE `upload`
  ADD PRIMARY KEY (`id`);

--
-- AUTO_INCREMENT for dumped tables
--

--
-- AUTO_INCREMENT for table `background`
--
ALTER TABLE `background`
  MODIFY `bg_id` int(6) NOT NULL AUTO_INCREMENT, AUTO_INCREMENT=10;
--
-- AUTO_INCREMENT for table `devices`
--
ALTER TABLE `devices`
  MODIFY `id` int(6) NOT NULL AUTO_INCREMENT, AUTO_INCREMENT=20;
--
-- AUTO_INCREMENT for table `emergency`
--
ALTER TABLE `emergency`
  MODIFY `id` int(6) NOT NULL AUTO_INCREMENT, AUTO_INCREMENT=2;
--
-- AUTO_INCREMENT for table `login`
--
ALTER TABLE `login`
  MODIFY `id` int(11) NOT NULL AUTO_INCREMENT, AUTO_INCREMENT=14;
--
-- AUTO_INCREMENT for table `logs`
--
ALTER TABLE `logs`
  MODIFY `id` int(15) NOT NULL AUTO_INCREMENT, AUTO_INCREMENT=201;
--
-- AUTO_INCREMENT for table `marquee`
--
ALTER TABLE `marquee`
  MODIFY `marquee_id` int(6) NOT NULL AUTO_INCREMENT, AUTO_INCREMENT=10;
--
-- AUTO_INCREMENT for table `template`
--
ALTER TABLE `template`
  MODIFY `id` int(11) NOT NULL AUTO_INCREMENT, AUTO_INCREMENT=10;
--
-- AUTO_INCREMENT for table `upload`
--
ALTER TABLE `upload`
  MODIFY `id` int(11) NOT NULL AUTO_INCREMENT;
/*!40101 SET CHARACTER_SET_CLIENT=@OLD_CHARACTER_SET_CLIENT */;
/*!40101 SET CHARACTER_SET_RESULTS=@OLD_CHARACTER_SET_RESULTS */;
/*!40101 SET COLLATION_CONNECTION=@OLD_COLLATION_CONNECTION */;
